{"cameraMode":{"drawMode":0,"name":"Shaded","section":"Shading Mode"},"sceneLighting":true,"audioPlay":false,"sceneViewState":{"m_AlwaysRefresh":false,"showFog":true,"showSkybox":true,"showFlares":true,"showImageEffects":true,"showParticleSystems":true,"showVisualEffectGraphs":true,"m_FxEnabled":true},"in2DMode":false,"pivot":{"x":3.257716178894043,"y":5.420919418334961,"z":-27.423229217529298},"rotation":{"x":0.3069711923599243,"y":-0.17148944735527039,"z":0.056337594985961917,"w":0.9344507455825806},"size":20.568912506103517,"orthographic":false}