{"cameraMode":{"drawMode":0,"name":"Shaded","section":"Shading Mode"},"sceneLighting":true,"audioPlay":false,"sceneViewState":{"m_AlwaysRefresh":false,"showFog":true,"showSkybox":true,"showFlares":true,"showImageEffects":true,"showParticleSystems":true,"showVisualEffectGraphs":true,"m_FxEnabled":true},"in2DMode":false,"pivot":{"x":-13.034870147705079,"y":6.884181976318359,"z":48.683372497558597},"rotation":{"x":0.24950848519802094,"y":-0.07254676520824433,"z":0.018748117610812188,"w":0.9654722809791565},"size":59.827335357666019,"orthographic":false}