{"cameraMode":{"drawMode":0,"name":"Shaded","section":"Shading Mode"},"sceneLighting":true,"audioPlay":false,"sceneViewState":{"m_AlwaysRefresh":false,"showFog":true,"showSkybox":true,"showFlares":true,"showImageEffects":true,"showParticleSystems":true,"showVisualEffectGraphs":true,"m_FxEnabled":true},"in2DMode":false,"pivot":{"x":-0.44673556089401247,"y":-6.69542121887207,"z":2.661107063293457},"rotation":{"x":-0.48451581597328188,"y":-0.0007896612514741719,"z":0.0004373965202830732,"w":-0.874782145023346},"size":13.556730270385743,"orthographic":false}